"id","record_id","subjid","dob","age","sex","dot","tst_status","posttestq_tst1","posttestq_tst2","exprnotes_tst","exprnotes_general","explore_mean_h0","explore_mean_h1","explore_mean_h4","exploit_mean_h0","exploit_mean_h1","exploit_mean_h4","other_mean_h0","other_mean_h1","other_mean_h4","agegroup","trialcount","reward_total","explore_mean","exploit_mean","other_mean","agegroup5","agegroup11","agegroupa","pref_novelty","adaptation","male","dotc","dobc","completed"
"SearchCosts-11_S001","SearchCosts-11_S001","SearchCosts-11_S001","5/12/08",11.1961722488038,1,"7/29/19",1,2,"? then biggest w/ 4 picks   biggest w/ 1 pick","? then biggest x3","",0.333333333333333,0,0.5,0.666666666666667,1,0.5,0,0,0,"11",18,292.2637112,0.277777777777778,0.722222222222222,0,0,1,0,0,0.5,1,2019-07-29,2008-05-12,1
"SearchCosts-11_S002","SearchCosts-11_S002","SearchCosts-11_S002","4/30/08",11.3137388926863,1,"8/29/19",1,2,"-4 picks: unknown, then biggest 3x  -1 pick: depended on sizes of opened cans","exploitative  -4 picks: ? then biggest 3x  -1 pick: biggest","",0.333333333333333,0.333333333333333,0.5,0.666666666666667,0.666666666666667,0.5,0,0,0,"11",18,298.3578362,0.388888888888889,0.611111111111111,0,0,1,0,0,0.166666666666667,1,2019-08-29,2008-04-30,1
"SearchCosts-11_S003","SearchCosts-11_S003","SearchCosts-11_S003","10/25/07",11.8605604921394,2,"9/10/19",1,1,"random, 4 picks: unopened then biggest  1: biggest","4 picks: exploit, ? then biggest x3  1: biggest","",0.833333333333333,0,0.833333333333333,0.166666666666667,1,0.166666666666667,0,0,0,"11",18,277.8196237,0.555555555555556,0.444444444444444,0,0,1,0,1,0.833333333333333,0,2019-09-10,2007-10-25,1
"SearchCosts-11_S004","SearchCosts-11_S004","SearchCosts-11_S004","11/15/07",11.825017088175,1,"9/18/19",1,2,"random, but if have 1 pick or unknown picks, pick the biggest splashes; if have more picks, may open the covered cans","patterns are pretty consistent with adults'","color search: participant named as search costs-11 S004, forgot underline  child assent: child's preferred name is Jack, legal name is John, assent form signed as Jack",0.333333333333333,0,0.833333333333333,0.666666666666667,1,0.166666666666667,0,0,0,"11",18,295.8393863,0.388888888888889,0.611111111111111,0,0,1,0,0,0.833333333333333,1,2019-09-18,2007-11-15,1
"SearchCosts-11_S005","SearchCosts-11_S005","SearchCosts-11_S005","10/15/07",11.9507860560492,1,"10/3/19",1,1,"random, try to pick differently every time","explorative, 4 picks: ?, than biggest x3 1 pick: biggest","",0.666666666666667,0.666666666666667,1,0.333333333333333,0.333333333333333,0,0,0,0,"11",18,279.8257112,0.777777777777778,0.222222222222222,0,0,1,0,1,0.333333333333333,1,2019-10-03,2007-10-15,1
"SearchCosts-11_S006","SearchCosts-11_S006","SearchCosts-11_S006","5/21/08",11.3766233766234,2,"10/12/19",1,NA,"choose biggest when the knowns are already big","","the camera was zoomed in during recording, and the video is zoomed and can't see the screen",0.333333333333333,0.166666666666667,0.5,0.666666666666667,0.833333333333333,0.5,0,0,0,"11",18,289.0920262,0.333333333333333,0.666666666666667,0,0,1,0,NA,0.333333333333333,0,2019-10-12,2008-05-21,1
"SearchCosts-11_S007","SearchCosts-11_S007","SearchCosts-11_S007","11/21/07",11.8742310321258,1,"10/12/19",1,1,"1: biggest, 4: open question mark to see if it's bigger","","the camera was zoomed in during recording, and the video is zoomed and can't see the screen",0.5,0.166666666666667,0.833333333333333,0.5,0.833333333333333,0.166666666666667,0,0,0,"11",18,287.9040262,0.5,0.5,0,0,1,0,1,0.666666666666667,1,2019-10-12,2007-11-21,1
"SearchCosts-11_S008","SearchCosts-11_S008","SearchCosts-11_S008","11/25/07",11.866028708134,2,"10/13/19",1,1,"if the known cans are big, pick them. If the rests were small, pick the question mark","","",0,0,0.5,1,1,0.5,0,0,0,"11",18,299.4534663,0.166666666666667,0.833333333333333,0,0,1,0,1,0.5,0,2019-10-13,2007-11-25,1
"SearchCosts-11_S009","SearchCosts-11_S009","SearchCosts-11_S009","1/6/08",11.7566643882433,1,"10/15/19",1,1,"4 picks: largest 3x then ?  1: largest    Liked opening uncovered cans when it was the largest","exploitative ","",0,0,0.333333333333333,1,1,0.666666666666667,0,0,0,"11",18,291.4933962,0.111111111111111,0.888888888888889,0,0,1,0,1,0.333333333333333,1,2019-10-15,2008-01-06,1
"SearchCosts-11_S010","SearchCosts-11_S010","SearchCosts-11_S010","7/28/08",11.2098427887902,1,"10/19/19",1,1,"pick the biggest splashes","react very quickly, sometimes pick before the number of picks is shown. Like to pick question mark as first pick ","",0.5,0.166666666666667,0.666666666666667,0.5,0.833333333333333,0.333333333333333,0,0,0,"11",18,290.8586112,0.444444444444444,0.555555555555556,0,0,1,0,1,0.5,1,2019-10-19,2008-07-28,1
"SearchCosts-11_S011","SearchCosts-11_S011","SearchCosts-11_S011","11/21/07",11.9316473000684,1,"11/2/19",1,1,"If all small, then the question mark is probably bigger","at first the child didn't choose question mark, may be because the child thinks can only choose the known biggest splash. Restate the rule during brake. ","",0.333333333333333,0.166666666666667,0.333333333333333,0.666666666666667,0.833333333333333,0.666666666666667,0,0,0,"11",18,311.9669,0.277777777777778,0.722222222222222,0,0,1,0,1,0.166666666666667,1,2019-11-02,2007-11-21,1
"SearchCosts-11_S012","SearchCosts-11_S012","SearchCosts-11_S012","2/6/08",11.7457279562543,1,"11/11/19",1,2,"more picks= ? then biggest  1 pick= biggest  unknown= biggest then if more choices ?, then biggest after that","explore with 4 picks  unknown- biggest then if more picks ? then the biggest","",0.166666666666667,0.166666666666667,0.666666666666667,0.833333333333333,0.833333333333333,0.333333333333333,0,0,0,"11",18,296.3685262,0.333333333333333,0.666666666666667,0,0,1,0,0,0.5,1,2019-11-11,2008-02-06,1
"SearchCosts-11_S013","SearchCosts-11_S013","SearchCosts-11_S013","10/5/08",11.1004784688995,1,"11/17/19",1,2,"if known cans are big, won't open the question mark  if known cans are small, open question mark","the child thought choose the same cans again wouldn't gather more paint, clarified this after the first trial  unknown horizon: pick ? first","",0.333333333333333,0.5,0.833333333333333,0.666666666666667,0.5,0.166666666666667,0,0,0,"11",18,261.6508512,0.555555555555556,0.444444444444444,0,0,1,0,0,0.333333333333333,1,2019-11-17,2008-10-05,1
"SearchCosts-11_S014","SearchCosts-11_S014","SearchCosts-11_S014","12/6/07",11.9507860560492,1,"11/24/19",1,2,"4 clicks: ?, then biggest  1 click: biggest  unknown: go to next store","choose ? as first pick at the beginning, then change to choose based on the number of picks","",0.666666666666667,0.166666666666667,0.5,0.333333333333333,0.833333333333333,0.5,0,0,0,"11",18,284.374755,0.444444444444444,0.555555555555556,0,0,1,0,0,0.333333333333333,1,2019-11-24,2007-12-06,1
"SearchCosts-11_S015","SearchCosts-11_S015","SearchCosts-11_S015","9/6/08",11.2153110047847,2,"11/30/19",1,2," guessed","exploratory: 1 click: biggest  4 clicks: biggest, ?, biggest. second biggest  unknown: biggest first, then ?, similar to 4 clicks","AXCPT quit during practice, restarted and named trial 2",0,0,0.666666666666667,1,1,0.333333333333333,0,0,0,"11",18,252.7763575,0.222222222222222,0.777777777777778,0,0,1,0,0,0.666666666666667,0,2019-11-30,2008-09-06,1
"SearchCosts-11_S016","SearchCosts-11_S016","SearchCosts-11_S016","3/8/08",11.7129186602871,1,"11/30/19",1,1,"1 pick: biggest  4 picks: ? ,then biggest  ","","",0,0,1,1,1,0,0,0,0,"11",18,287.2282862,0.333333333333333,0.666666666666667,0,0,1,0,1,1,1,2019-11-30,2008-03-08,1
"SearchCosts-11_S017","SearchCosts-11_S017","SearchCosts-11_S017","2/18/08",11.7812713602187,2,"12/6/19",1,1,"4:? first, then biggest  1: biggest","","",0,0,0.666666666666667,1,1,0.333333333333333,0,0,0,"11",18,288.9545463,0.222222222222222,0.777777777777778,0,0,1,0,1,0.666666666666667,0,2019-12-06,2008-02-18,1
"SearchCosts-11_S018","SearchCosts-11_S018","SearchCosts-11_S018","6/6/08",11.6008202323992,1,"1/18/20",1,NA,"pick ? when the rests are small; pick known amounts when it's really big","","",0.333333333333333,0,0.5,0.666666666666667,1,0.5,0,0,0,"11",18,306.2866,0.277777777777778,0.722222222222222,0,0,1,0,NA,0.5,1,2020-01-18,2008-06-06,1
"SearchCosts-11_S019","SearchCosts-11_S019","SearchCosts-11_S019","7/26/08",11.4750512645249,2,"1/22/20",1,1,"finger","sometimes explore, sometimes biggest, but not repeated biggest","",0.5,0,0.666666666666667,0.5,1,0.333333333333333,0,0,0,"11",18,261.3252875,0.388888888888889,0.611111111111111,0,0,1,0,1,0.666666666666667,0,2020-01-22,2008-07-26,1
"SearchCosts-11_S020","SearchCosts-11_S020","SearchCosts-11_S020","1/11/09",11.012987012987,1,"1/22/20",1,2,"knew bigger based on size of others, choose bigger","4 clicks: ?, then biggest x3  1 click: either ? or biggest(some hesitation)  ","",0.666666666666667,0.166666666666667,0.5,0.333333333333333,0.833333333333333,0.5,0,0,0,"11",18,289.5907712,0.444444444444444,0.555555555555556,0,0,1,0,0,0.333333333333333,1,2020-01-22,2009-01-11,1
"SearchCosts-11_S021","SearchCosts-11_S021","SearchCosts-11_S021","6/20/08",11.5762132604238,1,"1/23/20",1,2,"if all are small, choose the question mark","","typed an extra c in time search name. renamed in google drive",0,0.166666666666667,0.5,1,0.833333333333333,0.5,0,0,0,"11",18,296.94207,0.222222222222222,0.777777777777778,0,0,1,0,0,0.333333333333333,1,2020-01-23,2008-06-20,1
"SearchCosts-11_S022","SearchCosts-11_S022","SearchCosts-11_S022","5/3/08",11.7156527682843,1,"1/26/20",1,1,"1 click: biggest  4 clicks: ? ,then biggest  unknown: biggest first, then ?","","",0.333333333333333,0,0.833333333333333,0.666666666666667,1,0.166666666666667,0,0,0,"11",18,290.2234962,0.388888888888889,0.611111111111111,0,0,1,0,1,0.833333333333333,1,2020-01-26,2008-05-03,1
"SearchCosts-11_S023","SearchCosts-11_S023","SearchCosts-11_S023","7/20/08",11.5023923444976,1,"1/26/20",1,2,"Looked at which was biggest","","",0.333333333333333,0,0.833333333333333,0.666666666666667,1,0.166666666666667,0,0,0,"11",18,295.724925,0.388888888888889,0.611111111111111,0,0,1,0,0,0.833333333333333,1,2020-01-26,2008-07-20,1
"SearchCosts-11_S024","SearchCosts-11_S024","SearchCosts-11_S024","10/22/08",11.2535885167464,2,"1/29/20",1,2,"biggest paint cans","choose the biggest with all conditions","",0,0,0,1,1,1,0,0,0,"11",18,306.628225,0,1,0,0,1,0,0,0,0,2020-01-29,2008-10-22,1
"SearchCosts-11_S025","SearchCosts-11_S025","SearchCosts-11_S025","10/22/08",11.2563226247437,2,"1/30/20",1,1,"if all small, choose question mark","","",0,0.166666666666667,0.666666666666667,1,0.833333333333333,0.333333333333333,0,0,0,"11",18,291.0394962,0.277777777777778,0.722222222222222,0,0,1,0,1,0.5,0,2020-01-30,2008-10-22,1
"SearchCosts-11_S026","SearchCosts-11_S026","SearchCosts-11_S026","7/29/08",11.4969241285031,2,"2/2/20",1,2,"don't know","","",0.166666666666667,0.333333333333333,0.666666666666667,0.833333333333333,0.666666666666667,0.333333333333333,0,0,0,"11",18,290.2051313,0.388888888888889,0.611111111111111,0,0,1,0,0,0.333333333333333,0,2020-02-02,2008-07-29,1
"SearchCosts-11_S027","SearchCosts-11_S027","SearchCosts-11_S027","7/17/08",11.5297334244703,1,"2/2/20",1,1,"saw a pattern, the bottom ones were bigger","","",0.833333333333333,0.666666666666667,1,0.166666666666667,0.333333333333333,0,0,0,0,"11",18,277.3403212,0.833333333333333,0.166666666666667,0,0,1,0,1,0.333333333333333,1,2020-02-02,2008-07-17,1
"SearchCosts-11_S028","SearchCosts-11_S028","SearchCosts-11_S028","7/4/08",11.5734791524265,2,"2/5/20",1,2,"biggest with both 1 and 4 picks","4 picks: ? then biggest  1: ? or biggest","",0.833333333333333,0.333333333333333,0.666666666666667,0.166666666666667,0.666666666666667,0.333333333333333,0,0,0,"11",18,278.8767612,0.611111111111111,0.388888888888889,0,0,1,0,0,0.333333333333333,0,2020-02-05,2008-07-04,1
"SearchCosts-11_S029","SearchCosts-11_S029","SearchCosts-11_S029","9/15/08",11.3656869446343,2,"2/2/20",1,2,"if the known cans are super big, the ? won't be as big","","",0.166666666666667,0,0.666666666666667,0.833333333333333,1,0.333333333333333,0,0,0,"11",18,289.1617012,0.277777777777778,0.722222222222222,0,0,1,0,0,0.666666666666667,0,2020-02-02,2008-09-15,1
"SearchCosts-11_S030","SearchCosts-11_S030","SearchCosts-11_S030","4/1/08",11.8414217361586,2,"2/9/20",1,2,"picked the biggest","skipped the introduction by accident and had to explain rules while practicing ","",0,0,0.666666666666667,1,1,0.333333333333333,0,0,0,"11",18,303.904285,0.222222222222222,0.777777777777778,0,0,1,0,0,0.666666666666667,0,2020-02-09,2008-04-01,1
"SearchCosts-11_S031","SearchCosts-11_S031","SearchCosts-11_S031","5/15/08",11.7402597402597,1,"2/16/20",1,2,"helper, random","","",0,0,1,1,1,0,0,0,0,"11",18,290.318785,0.333333333333333,0.666666666666667,0,0,1,0,0,1,1,2020-02-16,2008-05-15,1
"SearchCosts-11_S032","SearchCosts-11_S032","SearchCosts-11_S032","1/27/09",11.0348598769651,1,"2/15/20",1,2,"size, seems small, open?","","",0,0.166666666666667,0.5,1,0.833333333333333,0.5,0,0,0,"11",18,310.481425,0.222222222222222,0.777777777777778,0,0,1,0,0,0.333333333333333,1,2020-02-15,2009-01-27,1
"SearchCosts-11_S033","SearchCosts-11_S033","SearchCosts-11_S033","11/23/08",11.2125768967874,1,"2/15/20",1,2,"choose bigger amount","","parent left after signing consent form. Had to call parent to come back after AXCPT(all computer games). Meet parents back upstairs, did not have time to debrief, and gave a debrief form instead. ",0.166666666666667,0,0.5,0.833333333333333,1,0.5,0,0,0,"11",18,304.6746,0.222222222222222,0.777777777777778,0,0,1,0,0,0.5,1,2020-02-15,2008-11-23,1
"SearchCosts-11_S034","SearchCosts-11_S034","SearchCosts-11_S034","12/4/08",11.187969924812,4,"2/17/20",1,2,"estimated difference between paint cans and picked biggest","exploitative, 4: ? then biggest  1: biggest","",0.333333333333333,0.333333333333333,0.666666666666667,0.666666666666667,0.666666666666667,0.333333333333333,0,0,0,"11",18,298.3237662,0.444444444444444,0.555555555555556,0,0,1,0,0,0.333333333333333,NA,2020-02-17,2008-12-04,1
"SearchCosts-11_S035","SearchCosts-11_S035","SearchCosts-11_S035","2/1/09",11.0348598769651,1,"2/20/20",1,2,"store helper, then biggest ones","","",0,0,0.166666666666667,1,1,0.833333333333333,0,0,0,"11",18,303.494025,0.0555555555555555,0.944444444444444,0,0,1,0,0,0.166666666666667,1,2020-02-20,2009-02-01,1
"SearchCosts-11_S036","SearchCosts-11_S036","SearchCosts-11_S036","9/22/08",11.3984962406015,1,"2/21/20",1,2,"picked ? if thought it had the biggest but other wise picked the biggest available","4: ? then biggest 3 times  1: biggest","",0.666666666666667,0.166666666666667,0.833333333333333,0.333333333333333,0.833333333333333,0.166666666666667,0,0,0,"11",18,293.5198012,0.555555555555556,0.444444444444444,0,0,1,0,0,0.666666666666667,1,2020-02-21,2008-09-22,1
"SearchCosts-11_S037","SearchCosts-11_S037","SearchCosts-11_S037","9/17/08",11.4285714285714,2,"2/27/20",1,2,"if it's big, not take chances","","",0.5,0.333333333333333,0.666666666666667,0.5,0.666666666666667,0.333333333333333,0,0,0,"11",18,298.9467562,0.5,0.5,0,0,1,0,0,0.333333333333333,0,2020-02-27,2008-09-17,1
"SearchCosts-11_S038","SearchCosts-11_S038","SearchCosts-11_S038","9/25/08",11.4149008885851,2,"3/1/20",1,2,"Chose ? if all others looked small","4: ? then other 3  1: biggest","",0,0,0.5,1,1,0.5,0,0,0,"11",18,239.3694087,0.166666666666667,0.833333333333333,0,0,1,0,0,0.5,0,2020-03-01,2008-09-25,1
"SearchCosts-11_S039","SearchCosts-11_S039","SearchCosts-11_S039","11/4/08",11.3164730006835,2,"3/5/20",1,2,"based on the paint in the can","","",0.666666666666667,0,0.833333333333333,0.333333333333333,1,0.166666666666667,0,0,0,"11",18,291.4496312,0.5,0.5,0,0,1,0,0,0.833333333333333,0,2020-03-05,2008-11-04,1
"SearchCosts-11_S040","SearchCosts-11_S040","SearchCosts-11_S040","9/7/08",11.4914559125085,2,"3/11/20",1,2,"picked the biggest cans","4 picks: ? then biggest 3x  1 pick: biggest","",0.833333333333333,0.333333333333333,0.5,0.166666666666667,0.666666666666667,0.5,0,0,0,"11",18,295.5668863,0.555555555555556,0.444444444444444,0,0,1,0,0,0.166666666666667,0,2020-03-11,2008-09-07,1
"SearchCosts-5_S001","SearchCosts-5_S001","SearchCosts-5_S001","7/14/14",5.01982228298018,2,"7/24/19",1,2,"with all picks: consistently biggest to smallest, then biggest again  -never flipped over unknown","","",0,0,0,1,1,1,0,0,0,"5",18,252.7318975,0,1,0,1,0,0,0,0,0,2019-07-24,2014-07-14,1
"SearchCosts-5_S002","SearchCosts-5_S002","SearchCosts-5_S002","6/11/14",5.11278195488722,1,"7/25/19",1,2,"big cans first, then small cans  -choices seemed random, no specific pattern","","",0.666666666666667,0.5,1,0.333333333333333,0.333333333333333,0,0,0.166666666666667,0,"5",18,222.9402388,0.722222222222222,0.222222222222222,0.0555555555555555,1,0,0,0,0.5,1,2019-07-25,2014-06-11,1
"SearchCosts-5_S003","SearchCosts-5_S003","SearchCosts-5_S003","3/4/14",5.3943950786056,2,"7/29/19",1,1,"4 clicks: ""?"" then random other 3  1 click: ""?""","","",1,1,0.833333333333333,0,0,0,0,0,0.166666666666667,"5",18,208.1092412,0.944444444444444,0,0.0555555555555555,1,0,0,1,-0.166666666666667,0,2019-07-29,2014-03-04,1
"SearchCosts-5_S004","SearchCosts-5_S004","SearchCosts-5_S004","1/28/14",5.49282296650718,2,"7/30/19",1,2,"","4 clicks: either clicked all 4 or clicked biggest multiple times","",0.333333333333333,0.333333333333333,0.333333333333333,0.666666666666667,0.666666666666667,0.5,0,0,0.166666666666667,"5",18,265.9327112,0.333333333333333,0.611111111111111,0.0555555555555555,1,0,0,0,0,0,2019-07-30,2014-01-28,1
"SearchCosts-5_S005","SearchCosts-5_S005","SearchCosts-5_S005","8/16/13",5.94395078605605,2,"7/30/19",1,2,"chose biggest multiple times","exploitative, biggest multiple times","",0.166666666666667,0,0.5,0.833333333333333,1,0.5,0,0,0,"5",18,291.8316462,0.222222222222222,0.777777777777778,0,1,0,0,0,0.5,0,2019-07-30,2013-08-16,1
"SearchCosts-5_S006","SearchCosts-5_S006","SearchCosts-5_S006","12/10/13",5.62679425837321,1,"7/30/19",1,NA,"","at trial start, would point at ""?"" option each time at fixed choice","took frequent breaks during tasks",1,1,1,0,0,0,0,0,0,"5",18,207.2555662,1,0,0,1,0,0,NA,0,1,2019-07-30,2013-12-10,1
"SearchCosts-5_S007","SearchCosts-5_S007","SearchCosts-5_S007","11/17/13",5.69514695830485,1,"8/1/19",1,2,"randomly","somewhat random, biggest to smallest, then ?","",0.166666666666667,0,0.5,0.666666666666667,1,0.5,0.166666666666667,0,0,"5",18,225.8500837,0.222222222222222,0.722222222222222,0.0555555555555555,1,0,0,0,0.5,1,2019-08-01,2013-11-17,1
"SearchCosts-5_S008","SearchCosts-5_S008","SearchCosts-5_S008","11/9/13",5.73069036226931,1,"8/6/19",1,1,"bigger first, only open ? if 4 picks","random, exploit 2-3 times","",0.333333333333333,0,0.166666666666667,0.666666666666667,1,0.666666666666667,0,0,0.166666666666667,"5",18,254.8177475,0.166666666666667,0.777777777777778,0.0555555555555555,1,0,0,1,0.166666666666667,1,2019-08-06,2013-11-09,1
"SearchCosts-5_S009","SearchCosts-5_S009","SearchCosts-5_S009","8/1/14",5.00615174299385,1,"8/6/19",0,NA,"","did not want to play past demos","did not want to play the games past demos",NA,NA,NA,NA,NA,NA,NA,NA,NA,"5",NA,NA,NA,NA,NA,1,0,0,NA,NA,1,2019-08-06,2014-08-01,0
"SearchCosts-5_S010","SearchCosts-5_S010","SearchCosts-5_S010","3/31/14",5.34791524265209,1,"8/8/19",1,2,"biggest, then others","biggest then other 3 w/ 4 picks biggest w/ 1 pick","",0.333333333333333,0.333333333333333,0.166666666666667,0.333333333333333,0.666666666666667,0.833333333333333,0.333333333333333,0,0,"5",18,228.1128487,0.277777777777778,0.611111111111111,0.111111111111111,1,0,0,0,-0.166666666666667,1,2019-08-08,2014-03-31,1
"SearchCosts-5_S011","SearchCosts-5_S011","SearchCosts-5_S011","7/14/14",5.0663021189337,1,"8/10/19",1,2,"biggest","first ? then other 3 w/ 4 clicks   ? with 1 click","",1,0.833333333333333,1,0,0,0,0,0.166666666666667,0,"5",18,203.0686412,0.944444444444444,0,0.0555555555555555,1,0,0,0,0.166666666666667,1,2019-08-10,2014-07-14,1
"SearchCosts-5_S012","SearchCosts-5_S012","SearchCosts-5_S012","11/13/13",5.73069036226931,1,"8/10/19",1,2,"biggest, unknown when I knew it was the biggest","exploit, ? then biggest 3x w/ 4 picks, biggest with one pick","",0.5,0.166666666666667,0.833333333333333,0.5,0.833333333333333,0.166666666666667,0,0,0,"5",18,287.8478637,0.5,0.5,0,1,0,0,0,0.666666666666667,1,2019-08-10,2013-11-13,1
"SearchCosts-5_S013","SearchCosts-5_S013","SearchCosts-5_S013","7/17/14",5.06356801093643,1,"8/12/19",1,2,"random","random with all conditions  1: random, sometimes biggest","",0.166666666666667,0.166666666666667,0.333333333333333,0.5,0.833333333333333,0.666666666666667,0.333333333333333,0,0,"5",18,222.4045787,0.222222222222222,0.666666666666667,0.111111111111111,1,0,0,0,0.166666666666667,1,2019-08-12,2014-07-17,1
"SearchCosts-5_S014","SearchCosts-5_S014","SearchCosts-5_S014","8/27/13",5.94941900205058,1,"8/12/19",1,2,"unknown w/ 4 pick","exploit, biggest w/ 1 click, ? then biggest 3x w/ 4 picks","",0,0,0.5,1,1,0.5,0,0,0,"5",18,284.0247325,0.166666666666667,0.833333333333333,0,1,0,0,0,0.5,1,2019-08-12,2013-08-27,1
"SearchCosts-5_S015","SearchCosts-5_S015","SearchCosts-5_S015","6/5/14",5.18113465481887,2,"8/13/19",1,2,"random- ""I don't know""","random selection, ? then other 3","",0.666666666666667,0.833333333333333,0.666666666666667,0.333333333333333,0.166666666666667,0.166666666666667,0,0,0.166666666666667,"5",18,224.2443387,0.722222222222222,0.222222222222222,0.0555555555555555,1,0,0,0,-0.166666666666667,0,2019-08-13,2014-06-05,1
"SearchCosts-5_S016","SearchCosts-5_S016","SearchCosts-5_S016","2/8/14",5.50649350649351,1,"8/15/19",1,2,"I don't know.","random selection, ? before helper","",1,1,0.833333333333333,0,0,0,0,0,0.166666666666667,"5",18,208.5792412,0.944444444444444,0,0.0555555555555555,1,0,0,0,-0.166666666666667,1,2019-08-15,2014-02-08,1
"SearchCosts-5_S017","SearchCosts-5_S017","SearchCosts-5_S017","11/6/13",5.7634996582365,1,"8/15/19",1,2,"big to small","-biggest to smallest, then biggest again  -did not choose ?  ","",0,0,0,1,1,1,0,0,0,"5",18,255.2846975,0,1,0,1,0,0,0,0,1,2019-08-15,2013-11-06,1
"SearchCosts-5_S018","SearchCosts-5_S018","SearchCosts-5_S018","12/21/13",5.6431989063568,2,"8/16/19",1,1,"? if 4 picks, biggest of 1 pick","began exploiting halfway through game","",0.166666666666667,0.333333333333333,0.833333333333333,0.833333333333333,0.666666666666667,0.166666666666667,0,0,0,"5",18,275.1737512,0.444444444444444,0.555555555555556,0,1,0,0,1,0.5,0,2019-08-16,2013-12-21,1
"SearchCosts-5_S019","SearchCosts-5_S019","SearchCosts-5_S019","12/21/13",5.67327409432673,1,"8/27/19",1,2,"opened unknown first","-explorative  -4 picks: chose ? then other 3 choices  -1 pick: ?  ","",1,1,0.833333333333333,0,0,0.166666666666667,0,0,0,"5",18,203.2782012,0.944444444444444,0.0555555555555555,0,1,0,0,0,-0.166666666666667,1,2019-08-27,2013-12-21,1
"SearchCosts-5_S020","SearchCosts-5_S020","SearchCosts-5_S020","5/6/14",5.32604237867396,2,"9/5/19",1,2,"I don't know","? then other 3, commented on six of each paint splash","",1,1,1,0,0,0,0,0,0,"5",18,213.6309962,1,0,0,1,0,0,0,0,0,2019-09-05,2014-05-06,1
"SearchCosts-5_S021","SearchCosts-5_S021","SearchCosts-5_S021","3/26/14",5.47641831852358,1,"9/19/19",2,2,"choose biggest","stopped after 2 blocks  4 picks: question mark, then biggest one 3x  1 pick: question mark","",1,1,1,0,0,0,0,0,0,"5",11,203.8928062,1,0,0,1,0,0,0,0,1,2019-09-19,2014-03-26,0
"SearchCosts-5_S022","SearchCosts-5_S022","SearchCosts-5_S022","10/13/13",5.93574846206425,2,"9/23/19",1,2,"pointing at them","very random selection","",0.166666666666667,0.5,0.5,0.666666666666667,0.166666666666667,0.166666666666667,0.166666666666667,0.333333333333333,0.333333333333333,"5",18,213.480965,0.388888888888889,0.333333333333333,0.277777777777778,1,0,0,0,0,0,2019-09-23,2013-10-13,1
"SearchCosts-5_S023","SearchCosts-5_S023","SearchCosts-5_S023","5/29/14",5.36431989063568,1,"10/12/19",1,2,"want to know what's in the question mark","4 picks: biggest-bigger-big-biggest  random patterns","the camera was zoomed in during recording, and the video is zoomed and can't see the screen",0.166666666666667,0.166666666666667,0.166666666666667,0.833333333333333,0.833333333333333,0.833333333333333,0,0,0,"5",18,251.113,0.166666666666667,0.833333333333333,0,1,0,0,0,2.77555756156289e-17,1,2019-10-12,2014-05-29,1
"SearchCosts-5_S024","SearchCosts-5_S024","SearchCosts-5_S024","4/19/14",5.47915242652085,2,"10/14/19",1,2,"chose cans in a circle","picked each can with 4 picks, ? with 1 pick","",0.666666666666667,0.833333333333333,1,0.166666666666667,0,0,0.166666666666667,0.166666666666667,0,"5",18,216.3750163,0.833333333333333,0.0555555555555555,0.111111111111111,1,0,0,0,0.166666666666667,0,2019-10-14,2014-04-19,1
"SearchCosts-5_S025","SearchCosts-5_S025","SearchCosts-5_S025","5/31/14",5.37799043062201,2,"10/19/19",1,2,"I just think","like to choose question mark right away, but when I report the number of picks, would choose the known paint if there's only 1 pick","",0.166666666666667,0,0.666666666666667,0.833333333333333,1,0.333333333333333,0,0,0,"5",18,236.7119575,0.277777777777778,0.722222222222222,0,1,0,0,0,0.666666666666667,0,2019-10-19,2014-05-31,1
"SearchCosts-5_S026","SearchCosts-5_S026","SearchCosts-5_S026","5/26/14",5.39712918660287,1,"10/21/19",1,2,"I dont know","always the biggest splash- ? if 4 picks","",0.333333333333333,0.166666666666667,1,0.666666666666667,0.833333333333333,0,0,0,0,"5",18,286.16153,0.5,0.5,0,1,0,0,0,0.833333333333333,1,2019-10-21,2014-05-26,1
"SearchCosts-5_S027","SearchCosts-5_S027","SearchCosts-5_S027","10/29/14",5.02529049897471,2,"11/10/19",1,1,"just guess","random and exploratory, like to choose question mark, but if there's only one pick, would change the pick to big paint splashes","forgot to ask Information search questions at first, asked them at the beginning of AXCPT",0.166666666666667,0.333333333333333,0.5,0.666666666666667,0.666666666666667,0.5,0.166666666666667,0,0,"5",18,241.2856575,0.333333333333333,0.611111111111111,0.0555555555555555,1,0,0,1,0.166666666666667,0,2019-11-10,2014-10-29,1
"SearchCosts-5_S028","SearchCosts-5_S028","SearchCosts-5_S028","7/31/14",5.27956254272044,2,"11/13/19",1,2,"the hands","would mostly pick the biggest splash with exploring","",0.166666666666667,0,0.166666666666667,0.833333333333333,1,0.833333333333333,0,0,0,"5",18,295.489065,0.111111111111111,0.888888888888889,0,1,0,0,0,0.166666666666667,0,2019-11-13,2014-07-31,1
"SearchCosts-5_S029","SearchCosts-5_S029","SearchCosts-5_S029","7/23/14",5.31237183868763,2,"11/17/19",1,2,"just pick","exploring, pick each can once in 4 picks, pick ? or random can in 1 pick","",0.5,0.833333333333333,0.666666666666667,0.5,0,0.166666666666667,0,0.166666666666667,0.166666666666667,"5",18,216.4356788,0.666666666666667,0.222222222222222,0.111111111111111,1,0,0,0,-0.166666666666667,0,2019-11-17,2014-07-23,1
"SearchCosts-5_S030","SearchCosts-5_S030","SearchCosts-A_S030","10/28/14",5.11278195488722,2,"12/11/19",1,1,"don't know","","",1,0.833333333333333,1,0,0,0,0,0.166666666666667,0,"5",18,207.6022412,0.944444444444444,0,0.0555555555555555,1,0,0,1,0.166666666666667,0,2019-12-11,2014-10-28,1
"SearchCosts-5_S031","SearchCosts-5_S031","SearchCosts-5_S031","9/18/14",5.32604237867396,2,"1/18/20",1,2,"in mind","","",0.833333333333333,0.833333333333333,0.666666666666667,0.166666666666667,0.166666666666667,0.333333333333333,0,0,0,"5",18,217.9955262,0.777777777777778,0.222222222222222,0,1,0,0,0,-0.166666666666667,0,2020-01-18,2014-09-18,1
"SearchCosts-5_S032","SearchCosts-5_S032","SearchCosts-5_S032","1/18/15",5.04716336295284,1,"2/7/20",0,2,"? cans after picking helpers cans","wanted to stop after practice round. No data. ","",NA,NA,NA,NA,NA,NA,NA,NA,NA,"5",NA,NA,NA,NA,NA,1,0,0,0,NA,1,2020-02-07,2015-01-18,0
"SearchCosts-5_S033","SearchCosts-5_S033","SearchCosts-5_S033","9/28/14",5.35885167464115,1,"2/9/20",1,2,"Don't know","","",1,0.833333333333333,0.833333333333333,0,0,0,0,0.166666666666667,0.166666666666667,"5",18,215.3392912,0.888888888888889,0,0.111111111111111,1,0,0,0,0,1,2020-02-09,2014-09-28,1
"SearchCosts-5_S034","SearchCosts-5_S034","SearchCosts-5_S034","3/13/14",5.92481203007519,1,"2/17/20",1,2,"the littlest ones","picked the 2 smallest cans (usually alternating) with all conditions","",0,0,0,0,0,0,1,1,1,"5",18,152.6513775,0,0,1,1,0,0,0,0,1,2020-02-17,2014-03-13,1
"SearchCosts-5_S035","SearchCosts-5_S035","SearchCosts-5_S035","2/1/15",5.0498974709501,2,"2/22/20",1,2,"Don't know","","",1,1,0.5,0,0,0.25,0,0,0.25,"5",11,154.2339287,0.818181818181818,0.0909090909090909,0.0909090909090909,1,0,0,0,-0.5,0,2020-02-22,2015-02-01,1
"SearchCosts-5_S036","SearchCosts-5_S036","SearchCosts-5_S036","10/12/14",5.36431989063568,1,"2/25/20",1,2,"picked ones with question marks","picked ?, then each other splash","",1,1,1,0,0,0,0,0,0,"5",18,202.7257312,1,0,0,1,0,0,0,0,1,2020-02-25,2014-10-12,1
"SearchCosts-5_S037","SearchCosts-5_S037","SearchCosts-5_S037","3/13/14",5.95488721804511,1,"2/28/20",2,1,"Do not know","did not want to play after 1/3","",0,0,0,0.5,1,0.5,0.5,0,0.5,"5",5,123.57177,0,0.6,0.4,1,0,0,1,0,1,2020-02-28,2014-03-13,0
"SearchCosts-5_S038","SearchCosts-5_S038","SearchCosts-5_S038","10/22/14",5.34518113465482,2,"2/28/20",1,2,"Do not know","","",0.166666666666667,0.5,0,0.666666666666667,0,0.166666666666667,0.166666666666667,0.5,0.833333333333333,"5",18,218.1169037,0.222222222222222,0.277777777777778,0.5,1,0,0,0,-0.5,0,2020-02-28,2014-10-22,1
"SearchCosts-5_S039","SearchCosts-5_S039","SearchCosts-5_S039","4/1/14",5.90840738209159,1,"3/1/20",1,2,"based on paint splashes","never choose ?, choose the biggest paint splashes every time","",0,0,0,1,1,1,0,0,0,"5",18,306.628225,0,1,0,1,0,0,0,0,1,2020-03-01,2014-04-01,1
"SearchCosts-5_S040","SearchCosts-5_S040","SearchCosts-5_S040","5/3/14",5.82091592617908,2,"3/1/20",1,2,"circle pattern, biggest at the end","chose ? then every other can, for last section just chose biggest","",0.833333333333333,0.666666666666667,1,0.166666666666667,0.166666666666667,0,0,0.166666666666667,0,"5",18,216.5595538,0.833333333333333,0.111111111111111,0.0555555555555555,1,0,0,0,0.333333333333333,0,2020-03-01,2014-05-03,1
"SearchCosts-5_S041","SearchCosts-5_S041","SearchCosts-5_S041","10/22/14",5.35338345864662,1,"3/2/20",1,2,"I don't know","4: ? then other 3 cans  1: ?","",1,1,1,0,0,0,0,0,0,"5",18,217.1615062,1,0,0,1,0,0,0,0,1,2020-03-02,2014-10-22,1
"SearchCosts-5_S042","SearchCosts-5_S042","SearchCosts-5_S042","5/2/14",5.83185235816815,2,"3/4/20",1,2,"the ones on the left","switched from exploring to exploiting halfway through","",0.666666666666667,0.5,0.333333333333333,0.333333333333333,0.5,0.666666666666667,0,0,0,"5",18,281.6307562,0.5,0.5,0,1,0,0,0,-0.166666666666667,0,2020-03-04,2014-05-02,1
"SearchCosts-5_S043","SearchCosts-5_S043","SearchCosts-5_S043","10/14/14",5.38345864661654,1,"3/5/20",1,2,"don't know","","",0,0.166666666666667,0.333333333333333,1,0.833333333333333,0.666666666666667,0,0,0,"5",18,266.5883825,0.166666666666667,0.833333333333333,0,1,0,0,0,0.166666666666667,1,2020-03-05,2014-10-14,1
"SearchCosts-Adult_S001","SearchCosts-Adult_S001","SearchCosts-Adult_S001","",18,4,"9/17/19",1,2,"random","exploitative, ? then biggest 3x with 4 picks, biggest with one pick, biggest then ? when ambiguous","",0.166666666666667,0.166666666666667,0.833333333333333,0.833333333333333,0.833333333333333,0.166666666666667,0,0,0,"Adult",18,284.3531012,0.388888888888889,0.611111111111111,0,0,0,1,0,0.666666666666667,NA,2019-09-17,NA,1
"SearchCosts-Adult_S002","SearchCosts-Adult_S002","SearchCosts-Adult_S002","",22,4,"9/17/19",1,2,"random","somewhat random selection","",0.5,0.666666666666667,0.166666666666667,0.166666666666667,0.166666666666667,0.333333333333333,0.333333333333333,0.166666666666667,0.5,"Adult",18,216.1497125,0.444444444444444,0.222222222222222,0.333333333333333,0,0,1,0,-0.5,NA,2019-09-17,NA,1
"SearchCosts-Adult_S003","SearchCosts-Adult_S003","SearchCosts-Adult_S003","",20,4,"9/17/19",1,2,"random","exploitative, 4 picks: ? then biggest 3x  1 pick: biggest","",0.166666666666667,0.333333333333333,0.666666666666667,0.833333333333333,0.666666666666667,0.333333333333333,0,0,0,"Adult",18,297.0582413,0.388888888888889,0.611111111111111,0,0,0,1,0,0.333333333333333,NA,2019-09-17,NA,1
"SearchCosts-Adult_S004","SearchCosts-Adult_S004","SearchCosts-Adult_S004","",19,4,"9/17/19",1,2,"? then biggest   ","4: ? then biggest  1: biggest","",0.166666666666667,0,1,0.833333333333333,1,0,0,0,0,"Adult",18,291.0965912,0.388888888888889,0.611111111111111,0,0,0,1,0,1,NA,2019-09-17,NA,1
"SearchCosts-Adult_S005","SearchCosts-Adult_S005","SearchCosts-Adult_S005","",18,4,"9/20/19",1,2,"get the known biggest, if the known cans are small splashes, then open question mark","","",0.333333333333333,0,0.5,0.666666666666667,1,0.5,0,0,0,"Adult",18,305.2568263,0.277777777777778,0.722222222222222,0,0,0,1,0,0.5,NA,2019-09-20,NA,1
"SearchCosts-Adult_S006","SearchCosts-Adult_S006","SearchCosts-Adult_S006","",19,4,"9/25/19",1,2,"Based off the amount of picks she had  When there were more picks would pick the ? first then the biggest","more picks would chose ?","",0.166666666666667,0,0.5,0.666666666666667,1,0.5,0.166666666666667,0,0,"Adult",18,276.9307112,0.222222222222222,0.722222222222222,0.0555555555555555,0,0,1,0,0.5,NA,2019-09-25,NA,1
"SearchCosts-Adult_S007","SearchCosts-Adult_S007","SearchCosts-Adult_S007","",NA,4,"9/30/19",1,2,"ones with the most paint","with more picks chose ?, otherwise biggest every time","",0,0,0.666666666666667,1,1,0.333333333333333,0,0,0,"Adult",18,292.0142262,0.222222222222222,0.777777777777778,0,0,0,1,0,0.666666666666667,NA,2019-09-30,NA,1
"SearchCosts-Adult_S008","SearchCosts-Adult_S008","SearchCosts-Adult_S008","",26,4,"9/30/19",1,2,"ones with most color","always picked the biggest splash never the ?","",0,0.166666666666667,0,1,0.833333333333333,1,0,0,0,"Adult",18,287.40998,0.0555555555555555,0.944444444444444,0,0,0,1,0,-0.166666666666667,NA,2019-09-30,NA,1
"SearchCosts-Adult_S009","SearchCosts-Adult_S009","SearchCosts-Adult_S009","",18,4,"10/1/19",1,2,"ones that had the most paint","explorative with 4 clicks, ?, then biggest x3. 1 click, biggest","",0.666666666666667,0,1,0.333333333333333,1,0,0,0,0,"Adult",18,284.3795612,0.555555555555556,0.444444444444444,0,0,0,1,0,1,NA,2019-10-01,NA,1
"SearchCosts-Adult_S010","SearchCosts-Adult_S010","SearchCosts-Adult_S010","",18,4,"10/1/19",1,1,"1 pick, biggest; 4 clicks, big, ?, big","4 picks, biggest, ?, biggest x2  1 pick, biggest","",0,0,0.666666666666667,1,1,0.333333333333333,0,0,0,"Adult",18,295.4224262,0.222222222222222,0.777777777777778,0,0,0,1,1,0.666666666666667,NA,2019-10-01,NA,1
"SearchCosts-Adult_S011","SearchCosts-Adult_S011","SearchCosts-Adult_S011","",18,4,"10/4/19",1,2,"usually get the known most, depends on the picks. 1 pick: biggest, 4 picks: try ?, then biggest","","",0,0,1,1,1,0,0,0,0,"Adult",18,294.247815,0.333333333333333,0.666666666666667,0,0,0,1,0,1,NA,2019-10-04,NA,1
"SearchCosts-Adult_S012","SearchCosts-Adult_S012","SearchCosts-Adult_S012","",18,4,"10/4/19",1,2,"if have multiple picks or all known cans are small splashes, pick questions mark first, then biggest. ","","",0,0,0.5,1,1,0.5,0,0,0,"Adult",18,296.6495862,0.166666666666667,0.833333333333333,0,0,0,1,0,0.5,NA,2019-10-04,NA,1
"SearchCosts-Adult_S013","SearchCosts-Adult_S013","SearchCosts-Adult_S013","",19,4,"10/8/19",1,2,"with 4 picks used one to open unknown, chose biggest with one pick","4 picks: ? then biggest 3x  1 pick: biggest or ?","",0.5,0,0.833333333333333,0.5,1,0.166666666666667,0,0,0,"Adult",18,292.0344262,0.444444444444444,0.555555555555556,0,0,0,1,0,0.833333333333333,NA,2019-10-08,NA,1
"SearchCosts-Adult_S014","SearchCosts-Adult_S014","SearchCosts-Adult_S014","",18,4,"10/8/19",1,2,"picked biggest if thought it was uncovered already, otherwise chose unknown","-exploitative  -4 picks: ? then biggest 3x  -1 pick: biggest or ?","",0.666666666666667,0,0.833333333333333,0.333333333333333,1,0.166666666666667,0,0,0,"Adult",18,290.9737012,0.5,0.5,0,0,0,1,0,0.833333333333333,NA,2019-10-08,NA,1
"SearchCosts-Adult_S015","SearchCosts-Adult_S015","SearchCosts-Adult_S015","",19,4,"10/14/19",1,2,"biggest splash","biggest, 4 picks ? then biggest","",0.166666666666667,0.166666666666667,0.5,0.833333333333333,0.833333333333333,0.5,0,0,0,"Adult",18,282.9085862,0.277777777777778,0.722222222222222,0,0,0,1,0,0.333333333333333,NA,2019-10-14,NA,1
"SearchCosts-Adult_S016","SearchCosts-Adult_S016","SearchCosts-Adult_S016","",18,4,"10/14/19",1,2,"helper and splash size","more random, tended to pick ? then biggest","",0.5,0.5,0.833333333333333,0.5,0.5,0.166666666666667,0,0,0,"Adult",18,239.73016,0.611111111111111,0.388888888888889,0,0,0,1,0,0.333333333333333,NA,2019-10-14,NA,1
"SearchCosts-Adult_S017","SearchCosts-Adult_S017","SearchCosts-Adult_S017","",18,4,"10/16/19",0,2,"the helper- then if it was big kept picking it ","?, then biggest
BV (3/31/20): missing its data for psydat and csv","",NA,NA,NA,NA,NA,NA,NA,NA,NA,"Adult",NA,NA,NA,NA,NA,0,0,1,0,NA,NA,2019-10-16,NA,0
"SearchCosts-Adult_S018","SearchCosts-Adult_S018","SearchCosts-Adult_S018","",18,4,"11/4/19",1,2,"cans with the helper and then the biggest","always biggest never ?","",0,0,0.166666666666667,1,1,0.833333333333333,0,0,0,"Adult",18,297.794025,0.0555555555555555,0.944444444444444,0,0,0,1,0,0.166666666666667,NA,2019-11-04,NA,1
"SearchCosts-Adult_S019","SearchCosts-Adult_S019","SearchCosts-Adult_S019","",19,4,"11/5/19",1,2,"open all, then biggest","random choices, ? first then alternating between the largest and second largest","",0.5,0.666666666666667,0.833333333333333,0.5,0.333333333333333,0.166666666666667,0,0,0,"Adult",18,244.3829075,0.666666666666667,0.333333333333333,0,0,0,1,0,0.166666666666667,NA,2019-11-05,NA,1
"SearchCosts-Adult_S020","SearchCosts-Adult_S020","SearchCosts-Adult_S020","",18,4,"11/5/19",1,2,"open all (especially when ambiguous picks), then pick biggest","4 pick: ?, 3 biggest  1 pick: ? or biggest  ","",0.833333333333333,0.333333333333333,0.833333333333333,0.166666666666667,0.666666666666667,0.166666666666667,0,0,0,"Adult",18,293.6517962,0.666666666666667,0.333333333333333,0,0,0,1,0,0.5,NA,2019-11-05,NA,1
"SearchCosts-Adult_S021","SearchCosts-Adult_S021","SearchCosts-Adult_S021","",19,4,"11/5/19",1,2,"guessed size of unknown based on others, pick biggest accordingly","4 clicks: ?, then biggest 3  1 click: ? or biggest","",0,0,0.166666666666667,1,1,0.833333333333333,0,0,0,"Adult",18,230.5985587,0.0555555555555555,0.944444444444444,0,0,0,1,0,0.166666666666667,NA,2019-11-05,NA,1
"SearchCosts-Adult_S022","SearchCosts-Adult_S022","SearchCosts-Adult_S022","",19,4,"11/14/19",1,2,"4 picks: ?, 1 pick: biggest","random choices, mostly exploitative","",0.333333333333333,0.833333333333333,0.166666666666667,0.666666666666667,0.166666666666667,0.666666666666667,0,0,0.166666666666667,"Adult",18,269.1854712,0.444444444444444,0.5,0.0555555555555555,0,0,1,0,-0.666666666666667,NA,2019-11-14,NA,1
"SearchCosts-Adult_S023","SearchCosts-Adult_S023","SearchCosts-Adult_S023","",18,4,"11/14/19",1,2,"random","exploitative, 4 clicks: biggest 4x, 1 click: biggest, rarely choose ?","",0,0,0.5,1,1,0.5,0,0,0,"Adult",18,310.035325,0.166666666666667,0.833333333333333,0,0,0,1,0,0.5,NA,2019-11-14,NA,1
"SearchCosts-Adult_S024","SearchCosts-Adult_S024","SearchCosts-Adult_S024","",21,4,"11/14/19",1,2,"1 click: biggest, 4 clicks: opened all","1 click: biggest  4 clicks: ?, then biggest 3x  ","",0.666666666666667,0.5,0.833333333333333,0.333333333333333,0.5,0.166666666666667,0,0,0,"Adult",18,286.6196762,0.666666666666667,0.333333333333333,0,0,0,1,0,0.333333333333333,NA,2019-11-14,NA,1
"SearchCosts-Adult_S025","SearchCosts-Adult_S025","SearchCosts-Adult_S025","",18,4,"11/21/19",1,2,"based on which ones had the biggest splashes","exploitative 4 picks: ?, then 3 biggest  1 pick: biggest","",0.166666666666667,0,0.666666666666667,0.833333333333333,1,0.333333333333333,0,0,0,"Adult",18,302.0882,0.277777777777778,0.722222222222222,0,0,0,1,0,0.666666666666667,NA,2019-11-21,NA,1
"SearchCosts-Adult_S026","SearchCosts-Adult_S026","SearchCosts-Adult_S026","",18,4,"12/4/19",1,2,"size","4 choices= explored  unknown and 1- mostly did not explore","",0.666666666666667,0.333333333333333,0.666666666666667,0.333333333333333,0.666666666666667,0.333333333333333,0,0,0,"Adult",18,294.492275,0.555555555555556,0.444444444444444,0,0,0,1,0,0.333333333333333,NA,2019-12-04,NA,1
"SearchCosts-Adult_S027","SearchCosts-Adult_S027","SearchCosts-Adult_S027","",19,4,"12/4/19",1,2,"bigger first","biggest then random after first choice","",0.166666666666667,0.166666666666667,0.5,0.833333333333333,0.833333333333333,0.333333333333333,0,0,0.166666666666667,"Adult",18,251.734995,0.277777777777778,0.666666666666667,0.0555555555555555,0,0,1,0,0.333333333333333,NA,2019-12-04,NA,1
"SearchCosts-Adult_S028","SearchCosts-Adult_S028","SearchCosts-Adult_S028","",19,4,"12/9/19",1,2,"by how many picks I had","explore with 4 and sometimes with unknown","",0.5,0,0.666666666666667,0.5,1,0.333333333333333,0,0,0,"Adult",18,297.7481012,0.388888888888889,0.611111111111111,0,0,0,1,0,0.666666666666667,NA,2019-12-09,NA,1
"SearchCosts-Adult_S029","SearchCosts-Adult_S029","SearchCosts-Adult_S029","",NA,4,"12/11/19",1,2,"the hands","always the biggest never the ?","",0,0.166666666666667,0,1,0.833333333333333,1,0,0,0,"Adult",18,299.6869,0.0555555555555555,0.944444444444444,0,0,0,1,0,-0.166666666666667,NA,2019-12-11,NA,1
"SearchCosts-Adult_S030","SearchCosts-Adult_S030","SearchCosts-Adult_S030","",19,4,"12/11/19",1,2,"helper and then whichever one was closest ","very random choices, not sure if game was understood","",0.833333333333333,0.666666666666667,0.5,0.166666666666667,0,0.166666666666667,0,0.333333333333333,0.333333333333333,"Adult",18,229.5376825,0.666666666666667,0.111111111111111,0.222222222222222,0,0,1,0,-0.166666666666667,NA,2019-12-11,NA,1
"SearchCosts-Adult_S031","SearchCosts-Adult_S031","SearchCosts-Adult_S031","",31,4,"1/27/20",1,2,"risk factor- if I had one hand or the cloud I would choose the biggest presented, if I had 4 hands I would choose the ? if I thought there was a splash bigger than the ones already uncovered ","based on paint splash size and number of picks chooses whether to explore or not  WZ (3/23/20): data file subject field misnamed ""SearchCosts-S031""","",0,0,0.666666666666667,1,1,0.333333333333333,0,0,0,"Adult",18,302.748925,0.222222222222222,0.777777777777778,0,0,0,1,0,0.666666666666667,NA,2020-01-27,NA,1
"SearchCosts-Adult_S032","SearchCosts-Adult_S032","SearchCosts-Adult_S032","",19,4,"1/29/20",1,2,"Whichever had the most","When participant thought there could have been a bigger splash than the ones participant was presented she would pick the ?","",0.666666666666667,0.166666666666667,0.5,0.333333333333333,0.833333333333333,0.5,0,0,0,"Adult",18,297.7620112,0.444444444444444,0.555555555555556,0,0,0,1,0,0.333333333333333,NA,2020-01-29,NA,1
"SearchCosts-Adult_S033","SearchCosts-Adult_S033","SearchCosts-Adult_S033","",NA,4,"1/29/20",1,2,"random","With the unknown number of picks wold pick the biggest and then ? if arrow didn't show up","",0,0,0.333333333333333,1,1,0.666666666666667,0,0,0,"Adult",18,295.3310262,0.111111111111111,0.888888888888889,0,0,0,1,0,0.333333333333333,NA,2020-01-29,NA,1
"SearchCosts-Adult_S034","SearchCosts-Adult_S034","SearchCosts-Adult_S034","",NA,4,"1/29/20",1,2,"how much paint","known biggest","",0,0,0,1,1,1,0,0,0,"Adult",18,304.428225,0,1,0,0,0,1,0,0,NA,2020-01-29,NA,1
"SearchCosts-Adult_S035","SearchCosts-Adult_S035","SearchCosts-Adult_S035","",19,4,"2/5/20",1,2,"biggest splash when I had less hands","if it was clear that the biggest splash was already shown would just pick the biggest one but if they were all smaller sized would explore","",0.666666666666667,0,0.666666666666667,0.333333333333333,1,0.333333333333333,0,0,0,"Adult",18,287.2446712,0.444444444444444,0.555555555555556,0,0,0,1,0,0.666666666666667,NA,2020-02-05,NA,1
"SearchCosts-Adult_S036","SearchCosts-Adult_S036","SearchCosts-Adult_S036","",19,4,"2/5/20",1,2,"which had the most","mostly biggest- unless splashes were small then ? ","",0,0.166666666666667,0.5,1,0.833333333333333,0.5,0,0,0,"Adult",18,309.481425,0.222222222222222,0.777777777777778,0,0,0,1,0,0.333333333333333,NA,2020-02-05,NA,1
"SearchCosts-Adult_S037","SearchCosts-Adult_S037","SearchCosts-Adult_S037","",20,4,"2/10/20",1,2,"because they had more paint","","",0.333333333333333,0.333333333333333,0.5,0.666666666666667,0.666666666666667,0.5,0,0,0,"Adult",18,303.5546763,0.388888888888889,0.611111111111111,0,0,0,1,0,0.166666666666667,NA,2020-02-10,NA,1
"SearchCosts-Adult_S038","SearchCosts-Adult_S038","SearchCosts-Adult_S038","",NA,4,"2/10/20",1,2,"whichever had the most","did not explore","",0.333333333333333,0,0.166666666666667,0.666666666666667,1,0.833333333333333,0,0,0,"Adult",18,295.2512625,0.166666666666667,0.833333333333333,0,0,0,1,0,0.166666666666667,NA,2020-02-10,NA,1
"SearchCosts-Adult_S039","SearchCosts-Adult_S039","SearchCosts-Adult_S039","",20,4,"2/11/20",1,2,"biggest, unless all were small, then ?","4 picks: ? then biggest  1: biggest","",0,0,0.333333333333333,1,1,0.666666666666667,0,0,0,"Adult",18,305.979725,0.111111111111111,0.888888888888889,0,0,0,1,0,0.333333333333333,NA,2020-02-11,NA,1
"SearchCosts-Adult_S040","SearchCosts-Adult_S040","SearchCosts-Adult_S040","",22,4,"2/12/20",1,2,"if not sure there is a bigger splash then ?","1: biggest shown  4: sometimes biggest sometimes ?  cloud: sometimes biggest sometimes ?","",0.5,0,0.666666666666667,0.5,1,0.333333333333333,0,0,0,"Adult",18,296.5984,0.388888888888889,0.611111111111111,0,0,0,1,0,0.666666666666667,NA,2020-02-12,NA,1
"SearchCosts-Adult_S041","SearchCosts-Adult_S041","SearchCosts-Adult_S041","",19,4,"2/19/20",1,2,"biggest paint","did not exploit accept for 2 or 3 of the 4 picks","",0,0,0.333333333333333,1,1,0.666666666666667,0,0,0,"Adult",18,309.769525,0.111111111111111,0.888888888888889,0,0,0,1,0,0.333333333333333,NA,2020-02-19,NA,1
"SearchCosts-Adult_S042","SearchCosts-Adult_S042","SearchCosts-Adult_S042","",19,4,"2/19/20",1,2,"the biggest/ if they were all small then the ?","sometimes exploit with 4 picks","",0,0,0.333333333333333,1,1,0.666666666666667,0,0,0,"Adult",18,301.349525,0.111111111111111,0.888888888888889,0,0,0,1,0,0.333333333333333,NA,2020-02-19,NA,1
"SearchCosts-Adult_S043","SearchCosts-Adult_S043","SearchCosts-Adult_S043","",19,4,"2/19/20",1,1,"random","does not exploit ","",0,0,0,1,1,1,0,0,0,"Adult",18,287.7183475,0,1,0,0,0,1,1,0,NA,2020-02-19,NA,1
"SearchCosts-Adult_S044","SearchCosts-Adult_S044","SearchCosts-Adult_S044","",19,4,"2/26/20",1,2,"the biggest","always biggest","",0,0,0,1,0.833333333333333,1,0,0.166666666666667,0,"Adult",18,299.20087,0,0.944444444444444,0.0555555555555555,0,0,1,0,0,NA,2020-02-26,NA,1
"SearchCosts-Adult_S045","SearchCosts-Adult_S045","SearchCosts-Adult_S045","",19,4,"2/26/20",1,2,"how many clicks and the size of splashes ","sometimes exploited with 4 picks","",0,0,0.5,1,1,0.5,0,0,0,"Adult",18,309.135325,0.166666666666667,0.833333333333333,0,0,0,1,0,0.5,NA,2020-02-26,NA,1
"SearchCosts-Adult_S046","SearchCosts-Adult_S046","SearchCosts-Adult_S046","",NA,4,"2/26/20",1,2,"if the can was covered, wanted to see all the options","? most of the time","",0.333333333333333,0.5,0.666666666666667,0.666666666666667,0.5,0.333333333333333,0,0,0,"Adult",18,288.7152012,0.5,0.5,0,0,0,1,0,0.166666666666667,NA,2020-02-26,NA,1
"SearchCosts-Adult_S047","SearchCosts-Adult_S047","SearchCosts-Adult_S047","",18,4,"3/2/20",1,2,"random","1: mostly the biggest depending on splash size  4: sometimes ?","",0.5,0.333333333333333,0.666666666666667,0.5,0.666666666666667,0.333333333333333,0,0,0,"Adult",18,296.2518712,0.5,0.5,0,0,0,1,0,0.333333333333333,NA,2020-03-02,NA,1
"SearchCosts-Adult_S048","SearchCosts-Adult_S048","SearchCosts-Adult_S048","",NA,4,"3/4/20",1,2,"more paint","never choose ?","",0,0,0,1,1,1,0,0,0,"Adult",18,306.628225,0,1,0,0,0,1,0,0,NA,2020-03-04,NA,1
"SearchCosts-Adult_S049","SearchCosts-Adult_S049","SearchCosts-Adult_S049","",18,4,"3/9/20",1,2,"if there was already a big splash and the amount of picks that I had","exploit w 4 picks and cloud","",0.666666666666667,0,0.833333333333333,0.333333333333333,1,0.166666666666667,0,0,0,"Adult",18,291.3737012,0.5,0.5,0,0,0,1,0,0.833333333333333,NA,2020-03-09,NA,1
